{
  "lang":"ru",
  "name":"pipeline",
  "version":"0.0.0",
  "spacy_version":">=3.7.4,<3.8.0",
  "description":"",
  "author":"",
  "email":"",
  "url":"",
  "license":"",
  "spacy_git_version":"bff8725f4",
  "vectors":{
    "width":0,
    "vectors":0,
    "keys":0,
    "name":null,
    "mode":"default"
  },
  "labels":{
    "tok2vec":[

    ],
    "ner":[
      "ADR",
      "DATA",
      "EDU",
      "FACULTY",
      "LANGUAGES",
      "MAIL",
      "ORG",
      "PER",
      "PHONE",
      "SELF_SUMMARY",
      "SKILLS",
      "SPECIALTY"
    ]
  },
  "pipeline":[
    "tok2vec",
    "ner"
  ],
  "components":[
    "tok2vec",
    "ner"
  ],
  "disabled":[

  ],
  "performance":{
    "ents_f":0.592920354,
    "ents_p":0.63507109,
    "ents_r":0.5560165975,
    "ents_per_type":{
      "ADR":{
        "p":0.4285714286,
        "r":0.5454545455,
        "f":0.48
      },
      "PHONE":{
        "p":0.75,
        "r":0.8181818182,
        "f":0.7826086957
      },
      "MAIL":{
        "p":1.0,
        "r":0.6363636364,
        "f":0.7777777778
      },
      "ORG":{
        "p":0.5,
        "r":0.2222222222,
        "f":0.3076923077
      },
      "EDU":{
        "p":0.75,
        "r":0.6666666667,
        "f":0.7058823529
      },
      "FACULTY":{
        "p":1.0,
        "r":1.0,
        "f":1.0
      },
      "SPECIALTY":{
        "p":0.5,
        "r":0.4,
        "f":0.4444444444
      },
      "LANGUAGES":{
        "p":1.0,
        "r":1.0,
        "f":1.0
      },
      "SELF_SUMMARY":{
        "p":0.5666666667,
        "r":0.53125,
        "f":0.5483870968
      },
      "SKILLS":{
        "p":0.537037037,
        "r":0.453125,
        "f":0.4915254237
      },
      "PER":{
        "p":0.9,
        "r":0.8181818182,
        "f":0.8571428571
      },
      "DATA":{
        "p":1.0,
        "r":1.0,
        "f":1.0
      }
    },
    "tok2vec_loss":727.2784886605,
    "ner_loss":294.4079881285
  }
}