{
  "lang":"ru",
  "name":"pipeline",
  "version":"0.0.0",
  "spacy_version":">=3.7.4,<3.8.0",
  "description":"",
  "author":"",
  "email":"",
  "url":"",
  "license":"",
  "spacy_git_version":"bff8725f4",
  "vectors":{
    "width":0,
    "vectors":0,
    "keys":0,
    "name":null,
    "mode":"default"
  },
  "labels":{
    "tok2vec":[

    ],
    "ner":[
      "ADR",
      "DATA",
      "EDU",
      "FACULTY",
      "LANGUAGES",
      "MAIL",
      "ORG",
      "PER",
      "PHONE",
      "SELF_SUMMARY",
      "SKILLS",
      "SPECIALTY"
    ]
  },
  "pipeline":[
    "tok2vec",
    "ner"
  ],
  "components":[
    "tok2vec",
    "ner"
  ],
  "disabled":[

  ],
  "performance":{
    "ents_f":0.7149321267,
    "ents_p":0.7314814815,
    "ents_r":0.6991150442,
    "ents_per_type":{
      "PER":{
        "p":0.6,
        "r":0.6,
        "f":0.6
      },
      "PHONE":{
        "p":1.0,
        "r":1.0,
        "f":1.0
      },
      "MAIL":{
        "p":1.0,
        "r":1.0,
        "f":1.0
      },
      "ADR":{
        "p":1.0,
        "r":0.8,
        "f":0.8888888889
      },
      "ORG":{
        "p":0.5714285714,
        "r":0.3636363636,
        "f":0.4444444444
      },
      "EDU":{
        "p":0.5714285714,
        "r":0.6666666667,
        "f":0.6153846154
      },
      "FACULTY":{
        "p":1.0,
        "r":1.0,
        "f":1.0
      },
      "SELF_SUMMARY":{
        "p":0.8387096774,
        "r":0.7878787879,
        "f":0.8125
      },
      "LANGUAGES":{
        "p":0.8333333333,
        "r":0.8333333333,
        "f":0.8333333333
      },
      "SKILLS":{
        "p":0.5517241379,
        "r":0.6666666667,
        "f":0.6037735849
      },
      "SPECIALTY":{
        "p":0.5,
        "r":0.25,
        "f":0.3333333333
      }
    },
    "tok2vec_loss":274.7846346209,
    "ner_loss":421.1080037451
  }
}