{
  "lang":"ru",
  "name":"pipeline",
  "version":"0.0.0",
  "spacy_version":">=3.7.4,<3.8.0",
  "description":"",
  "author":"",
  "email":"",
  "url":"",
  "license":"",
  "spacy_git_version":"bff8725f4",
  "vectors":{
    "width":0,
    "vectors":0,
    "keys":0,
    "name":null,
    "mode":"default"
  },
  "labels":{
    "tok2vec":[

    ],
    "ner":[
      "ADR",
      "DATA",
      "EDU",
      "FACULTY",
      "LANGUAGES",
      "MAIL",
      "ORG",
      "PER",
      "PHONE",
      "SELF_SUMMARY",
      "SKILLS",
      "SPECIALTY"
    ]
  },
  "pipeline":[
    "tok2vec",
    "ner"
  ],
  "components":[
    "tok2vec",
    "ner"
  ],
  "disabled":[

  ],
  "performance":{
    "ents_f":0.6371681416,
    "ents_p":0.682464455,
    "ents_r":0.5975103734,
    "ents_per_type":{
      "PER":{
        "p":0.8181818182,
        "r":0.8181818182,
        "f":0.8181818182
      },
      "PHONE":{
        "p":1.0,
        "r":1.0,
        "f":1.0
      },
      "MAIL":{
        "p":1.0,
        "r":1.0,
        "f":1.0
      },
      "ADR":{
        "p":0.6,
        "r":0.5454545455,
        "f":0.5714285714
      },
      "ORG":{
        "p":0.3333333333,
        "r":0.2777777778,
        "f":0.303030303
      },
      "EDU":{
        "p":1.0,
        "r":0.8333333333,
        "f":0.9090909091
      },
      "FACULTY":{
        "p":1.0,
        "r":1.0,
        "f":1.0
      },
      "SPECIALTY":{
        "p":0.3636363636,
        "r":0.2666666667,
        "f":0.3076923077
      },
      "LANGUAGES":{
        "p":1.0,
        "r":1.0,
        "f":1.0
      },
      "SELF_SUMMARY":{
        "p":0.6440677966,
        "r":0.59375,
        "f":0.6178861789
      },
      "SKILLS":{
        "p":0.54,
        "r":0.421875,
        "f":0.4736842105
      },
      "DATA":{
        "p":1.0,
        "r":1.0,
        "f":1.0
      }
    },
    "tok2vec_loss":790.9108754211,
    "ner_loss":1154.9546165922
  }
}