{
  "lang":"ru",
  "name":"pipeline",
  "version":"0.0.0",
  "spacy_version":">=3.7.4,<3.8.0",
  "description":"",
  "author":"",
  "email":"",
  "url":"",
  "license":"",
  "spacy_git_version":"bff8725f4",
  "vectors":{
    "width":0,
    "vectors":0,
    "keys":0,
    "name":null,
    "mode":"default"
  },
  "labels":{
    "tok2vec":[

    ],
    "ner":[
      "ADR",
      "DATA",
      "EDU",
      "FACULTY",
      "LANGUAGES",
      "MAIL",
      "ORG",
      "PER",
      "PHONE",
      "SELF_SUMMARY",
      "SKILLS",
      "SPECIALTY"
    ]
  },
  "pipeline":[
    "tok2vec",
    "ner"
  ],
  "components":[
    "tok2vec",
    "ner"
  ],
  "disabled":[

  ],
  "performance":{
    "ents_f":0.6828193833,
    "ents_p":0.7276995305,
    "ents_r":0.643153527,
    "ents_per_type":{
      "PER":{
        "p":1.0,
        "r":1.0,
        "f":1.0
      },
      "PHONE":{
        "p":1.0,
        "r":1.0,
        "f":1.0
      },
      "MAIL":{
        "p":1.0,
        "r":1.0,
        "f":1.0
      },
      "ADR":{
        "p":0.5555555556,
        "r":0.4545454545,
        "f":0.5
      },
      "ORG":{
        "p":0.6666666667,
        "r":0.4444444444,
        "f":0.5333333333
      },
      "EDU":{
        "p":0.8125,
        "r":0.7222222222,
        "f":0.7647058824
      },
      "SKILLS":{
        "p":0.56,
        "r":0.4375,
        "f":0.4912280702
      },
      "FACULTY":{
        "p":1.0,
        "r":1.0,
        "f":1.0
      },
      "SELF_SUMMARY":{
        "p":0.6956521739,
        "r":0.75,
        "f":0.7218045113
      },
      "SPECIALTY":{
        "p":0.6666666667,
        "r":0.2666666667,
        "f":0.380952381
      },
      "LANGUAGES":{
        "p":0.6666666667,
        "r":0.6666666667,
        "f":0.6666666667
      },
      "DATA":{
        "p":1.0,
        "r":1.0,
        "f":1.0
      }
    },
    "tok2vec_loss":354.260455491,
    "ner_loss":227.4922996203
  }
}