{
  "lang":"ru",
  "name":"pipeline",
  "version":"0.0.0",
  "spacy_version":">=3.7.4,<3.8.0",
  "description":"",
  "author":"",
  "email":"",
  "url":"",
  "license":"",
  "spacy_git_version":"bff8725f4",
  "vectors":{
    "width":0,
    "vectors":0,
    "keys":0,
    "name":null,
    "mode":"default"
  },
  "labels":{
    "tok2vec":[

    ],
    "ner":[
      "ADR",
      "DATA",
      "EDU",
      "FACULTY",
      "LANGUAGES",
      "MAIL",
      "ORG",
      "PER",
      "PHONE",
      "SELF_SUMMARY",
      "SKILLS",
      "SPECIALTY"
    ]
  },
  "pipeline":[
    "tok2vec",
    "ner"
  ],
  "components":[
    "tok2vec",
    "ner"
  ],
  "disabled":[

  ],
  "performance":{
    "ents_f":0.6681514477,
    "ents_p":0.7211538462,
    "ents_r":0.622406639,
    "ents_per_type":{
      "PER":{
        "p":0.9090909091,
        "r":0.9090909091,
        "f":0.9090909091
      },
      "PHONE":{
        "p":0.9090909091,
        "r":0.9090909091,
        "f":0.9090909091
      },
      "MAIL":{
        "p":1.0,
        "r":1.0,
        "f":1.0
      },
      "ADR":{
        "p":0.5555555556,
        "r":0.4545454545,
        "f":0.5
      },
      "ORG":{
        "p":0.5714285714,
        "r":0.4444444444,
        "f":0.5
      },
      "EDU":{
        "p":1.0,
        "r":0.8333333333,
        "f":0.9090909091
      },
      "FACULTY":{
        "p":0.8571428571,
        "r":1.0,
        "f":0.9230769231
      },
      "SPECIALTY":{
        "p":0.5384615385,
        "r":0.4666666667,
        "f":0.5
      },
      "SKILLS":{
        "p":0.6170212766,
        "r":0.453125,
        "f":0.5225225225
      },
      "LANGUAGES":{
        "p":0.75,
        "r":0.5,
        "f":0.6
      },
      "SELF_SUMMARY":{
        "p":0.6666666667,
        "r":0.625,
        "f":0.6451612903
      },
      "DATA":{
        "p":1.0,
        "r":1.0,
        "f":1.0
      }
    },
    "tok2vec_loss":356.61835698,
    "ner_loss":2877.0052528733
  }
}