{
  "lang":"ru",
  "name":"pipeline",
  "version":"0.0.0",
  "spacy_version":">=3.7.4,<3.8.0",
  "description":"",
  "author":"",
  "email":"",
  "url":"",
  "license":"",
  "spacy_git_version":"bff8725f4",
  "vectors":{
    "width":0,
    "vectors":0,
    "keys":0,
    "name":null,
    "mode":"default"
  },
  "labels":{
    "tok2vec":[

    ],
    "ner":[
      "ADR",
      "DATA",
      "EDU",
      "FACULTY",
      "LANGUAGES",
      "MAIL",
      "ORG",
      "PER",
      "PHONE",
      "SELF_SUMMARY",
      "SKILLS",
      "SPECIALTY"
    ]
  },
  "pipeline":[
    "tok2vec",
    "ner"
  ],
  "components":[
    "tok2vec",
    "ner"
  ],
  "disabled":[

  ],
  "performance":{
    "ents_f":0.6629129129,
    "ents_p":0.6969218627,
    "ents_r":0.6320687187,
    "ents_per_type":{
      "PER":{
        "p":1.0,
        "r":0.9166666667,
        "f":0.9565217391
      },
      "PHONE":{
        "p":0.9166666667,
        "r":0.8461538462,
        "f":0.88
      },
      "MAIL":{
        "p":0.8571428571,
        "r":0.9230769231,
        "f":0.8888888889
      },
      "ADR":{
        "p":0.8157894737,
        "r":0.8378378378,
        "f":0.8266666667
      },
      "ORG":{
        "p":0.5833333333,
        "r":0.4803921569,
        "f":0.5268817204
      },
      "EDU":{
        "p":0.7662337662,
        "r":0.7564102564,
        "f":0.7612903226
      },
      "FACULTY":{
        "p":0.7692307692,
        "r":0.4761904762,
        "f":0.5882352941
      },
      "SPECIALTY":{
        "p":0.6632124352,
        "r":0.6497461929,
        "f":0.6564102564
      },
      "SKILLS":{
        "p":0.6625441696,
        "r":0.5742725881,
        "f":0.6152584085
      },
      "SELF_SUMMARY":{
        "p":0.702247191,
        "r":0.6345177665,
        "f":0.6666666667
      },
      "LANGUAGES":{
        "p":0.8490566038,
        "r":0.9782608696,
        "f":0.9090909091
      },
      "DATA":{
        "p":0.9642857143,
        "r":0.9642857143,
        "f":0.9642857143
      }
    },
    "tok2vec_loss":511.4846493086,
    "ner_loss":1195.7560838096
  }
}